[{"id":"user-image-saa-removebg-preview-1.png","fileName":"saa-removebg-preview-1.png","name":"saa-removebg-preview-1","publicUrl":"https://assets.nicepagecdn.com/adc01918/6327626/images/saa-removebg-preview-1.png","size":51585,"hash":"YSlzUOOMg9qZ2xoswTgE99qr/EA=","width":612,"height":205,"folderId":null,"thumbnail":{"url":"https://assets.nicepagecdn.com/adc01918/6327626/images/thumbnails/saa-removebg-preview-1.png","width":150,"height":50},"usages":["6327627"]},{"id":"user-image-saa-removebg-previewcopy.png","fileName":"saa-removebg-previewcopy.png","name":"saa-removebg-previewcopy","publicUrl":"https://assets.nicepagecdn.com/adc01918/6327626/images/saa-removebg-previewcopy.png","size":43037,"hash":"XF15dj0z32oCfmMUWY0KJBlSf+I=","width":610,"height":204,"folderId":null,"thumbnail":{"url":"https://assets.nicepagecdn.com/adc01918/6327626/images/thumbnails/saa-removebg-previewcopy.png","width":150,"height":50},"usages":["6327627"]},{"id":"user-image-saa-removebg-preview.png","fileName":"saa-removebg-preview.png","name":"saa-removebg-preview","publicUrl":"https://assets.nicepagecdn.com/adc01918/6327626/images/saa-removebg-preview.png","size":87253,"hash":"ilr1eTGBrePIqqCX8TxLSrlKtUs=","width":612,"height":408,"folderId":null,"thumbnail":{"url":"https://assets.nicepagecdn.com/adc01918/6327626/images/thumbnails/saa-removebg-preview.png","width":150,"height":100},"usages":[]},{"id":"user-image-download__3_-removebg-preview.png","fileName":"download__3_-removebg-preview.png","name":"download__3_-removebg-preview","publicUrl":"https://assets.nicepagecdn.com/adc01918/6327626/images/download__3_-removebg-preview.png","size":27910,"hash":"hFDsbr0mtlIEFNWkqufpQPnq5WE=","width":259,"height":195,"folderId":null,"thumbnail":{"url":"https://assets.nicepagecdn.com/adc01918/6327626/images/thumbnails/download__3_-removebg-preview.png","width":150,"height":113},"usages":[]},{"id":"user-image-12xp-instagram-videoSixteenByNineJumbo1600-v2-removebg-preview-4.png","fileName":"12xp-instagram-videoSixteenByNineJumbo1600-v2-removebg-preview-4.png","name":"12xp-instagram-videoSixteenByNineJumbo1600-v2-removebg-preview-4","publicUrl":"https://assets.nicepagecdn.com/adc01918/6327626/images/12xp-instagram-videoSixteenByNineJumbo1600-v2-removebg-preview-4.png","size":132929,"hash":"hZq5177No5SvoGJaPuOxtvNaksE=","width":346,"height":332,"folderId":null,"thumbnail":{"url":"https://assets.nicepagecdn.com/adc01918/6327626/images/thumbnails/12xp-instagram-videoSixteenByNineJumbo1600-v2-removebg-preview-4.png","width":150,"height":144},"usages":["6327627"]},{"id":"user-image-12xp-instagram-videoSixteenByNineJumbo1600-v2-removebg-preview-3.png","fileName":"12xp-instagram-videoSixteenByNineJumbo1600-v2-removebg-preview-3.png","name":"12xp-instagram-videoSixteenByNineJumbo1600-v2-removebg-preview-3","publicUrl":"https://assets.nicepagecdn.com/adc01918/6327626/images/12xp-instagram-videoSixteenByNineJumbo1600-v2-removebg-preview-3.png","size":161911,"hash":"T/kY1zERlzaKDcijG5fzKkD5ZtY=","width":609,"height":343,"folderId":null,"thumbnail":{"url":"https://assets.nicepagecdn.com/adc01918/6327626/images/thumbnails/12xp-instagram-videoSixteenByNineJumbo1600-v2-removebg-preview-3.png","width":150,"height":84},"usages":[]},{"id":"user-image-1696901179396-removebg-preview-2.png","fileName":"1696901179396-removebg-preview-2.png","name":"1696901179396-removebg-preview-2","publicUrl":"https://assets.nicepagecdn.com/adc01918/6327626/images/1696901179396-removebg-preview-2.png","size":161343,"hash":"kJy65wBDAtXVwvBdECvyqk19u+U=","width":500,"height":500,"folderId":null,"thumbnail":{"url":"https://assets.nicepagecdn.com/adc01918/6327626/images/thumbnails/1696901179396-removebg-preview-2.png","width":150,"height":150},"usages":["6327627"]},{"id":"user-image-12xp-instagram-videoSixteenByNineJumbo1600-v2-removebg-preview-2.png","fileName":"12xp-instagram-videoSixteenByNineJumbo1600-v2-removebg-preview-2.png","name":"12xp-instagram-videoSixteenByNineJumbo1600-v2-removebg-preview-2","publicUrl":"https://assets.nicepagecdn.com/adc01918/6327626/images/12xp-instagram-videoSixteenByNineJumbo1600-v2-removebg-preview-2.png","size":151127,"hash":"NYiI9PllEK/hWi4kFKol0deRXNM=","width":609,"height":343,"folderId":null,"thumbnail":{"url":"https://assets.nicepagecdn.com/adc01918/6327626/images/thumbnails/12xp-instagram-videoSixteenByNineJumbo1600-v2-removebg-preview-2.png","width":150,"height":84},"usages":[]},{"id":"user-image-download__2_-removebg-preview-2.png","fileName":"download__2_-removebg-preview-2.png","name":"download__2_-removebg-preview-2","publicUrl":"https://assets.nicepagecdn.com/adc01918/6327626/images/download__2_-removebg-preview-2.png","size":51072,"hash":"4CFOHqzuuoggbkv3t3OCit0xQts=","width":225,"height":225,"folderId":null,"thumbnail":{"url":"https://assets.nicepagecdn.com/adc01918/6327626/images/thumbnails/download__2_-removebg-preview-2.png","width":150,"height":150},"usages":["6327627"]},{"id":"user-image-download__2_-removebg-preview.png","fileName":"download__2_-removebg-preview.png","name":"download__2_-removebg-preview","publicUrl":"https://assets.nicepagecdn.com/adc01918/6327626/images/download__2_-removebg-preview.png","size":48904,"hash":"lbXvBD9SRP84DW8VowFryY2tPRU=","width":225,"height":225,"folderId":null,"thumbnail":{"url":"https://assets.nicepagecdn.com/adc01918/6327626/images/thumbnails/download__2_-removebg-preview.png","width":150,"height":150},"usages":[]},{"id":"user-image-1696901179396-removebg-preview.png","fileName":"1696901179396-removebg-preview.png","name":"1696901179396-removebg-preview","publicUrl":"https://assets.nicepagecdn.com/adc01918/6327626/images/1696901179396-removebg-preview.png","size":160595,"hash":"l2iDQ27Fq9YoPkKRYyK3SdmOR8s=","width":500,"height":500,"folderId":null,"thumbnail":{"url":"https://assets.nicepagecdn.com/adc01918/6327626/images/thumbnails/1696901179396-removebg-preview.png","width":150,"height":150},"usages":[]},{"id":"user-image-12xp-instagram-videoSixteenByNineJumbo1600-v2-removebg-preview.png","fileName":"12xp-instagram-videoSixteenByNineJumbo1600-v2-removebg-preview.png","name":"12xp-instagram-videoSixteenByNineJumbo1600-v2-removebg-preview","publicUrl":"https://assets.nicepagecdn.com/adc01918/6327626/images/12xp-instagram-videoSixteenByNineJumbo1600-v2-removebg-preview.png","size":145707,"hash":"NcHjgsA/tZVV5xFQmBgMMHZxgaA=","width":609,"height":343,"folderId":null,"thumbnail":{"url":"https://assets.nicepagecdn.com/adc01918/6327626/images/thumbnails/12xp-instagram-videoSixteenByNineJumbo1600-v2-removebg-preview.png","width":150,"height":84},"usages":[]},{"id":"user-image-download2.jpeg","fileName":"download2.jpeg","name":"download2","publicUrl":"https://assets.nicepagecdn.com/adc01918/6327626/images/download2.jpeg","size":1126,"hash":"tWUnGFmPSMai8PseIm8pFlbqBZs=","width":185,"height":272,"folderId":null,"thumbnail":{"url":"https://assets.nicepagecdn.com/adc01918/6327626/images/thumbnails/download2.jpeg","width":102,"height":150},"usages":[]},{"id":"user-image-abstract-colorful-gradient-lines-with-blue-and-pink-light-on-purple-background-free-vector.jpg","fileName":"abstract-colorful-gradient-lines-with-blue-and-pink-light-on-purple-background-free-vector.jpg","name":"abstract-colorful-gradient-lines-with-blue-and-pink-light-on-purple-background-free-vector","publicUrl":"https://assets.nicepagecdn.com/adc01918/6327626/images/abstract-colorful-gradient-lines-with-blue-and-pink-light-on-purple-background-free-vector.jpg","size":5513,"hash":"94X60PvbM73nhE13EwBwCcdPpzc=","width":334,"height":200,"folderId":null,"thumbnail":{"url":"https://assets.nicepagecdn.com/adc01918/6327626/images/thumbnails/abstract-colorful-gradient-lines-with-blue-and-pink-light-on-purple-background-free-vector.jpg","width":150,"height":90},"usages":[]},{"id":"user-image-images2.jpeg","fileName":"images2.jpeg","name":"images2","publicUrl":"https://assets.nicepagecdn.com/adc01918/6327626/images/images2.jpeg","size":5277,"hash":"4m87beGESohLNeuND+xQCBmx91k=","width":300,"height":168,"folderId":null,"thumbnail":{"url":"https://assets.nicepagecdn.com/adc01918/6327626/images/thumbnails/images2.jpeg","width":150,"height":84},"usages":[]},{"id":"user-image-images1.jpeg","fileName":"images1.jpeg","name":"images1","publicUrl":"https://assets.nicepagecdn.com/adc01918/6327626/images/images1.jpeg","size":3620,"hash":"CPO0Z5Lek+xs5wuKcKT1MZQ9+4w=","width":300,"height":168,"folderId":null,"thumbnail":{"url":"https://assets.nicepagecdn.com/adc01918/6327626/images/thumbnails/images1.jpeg","width":150,"height":84},"usages":[]},{"id":"user-image-pexels-codioful-7130560.jpg","fileName":"pexels-codioful-7130560.jpg","name":"pexels-codioful-7130560","publicUrl":"https://assets.nicepagecdn.com/adc01918/6327626/images/pexels-codioful-7130560.jpg","size":186056,"hash":"5WQg5h39hYEhgd6kKEY2ZAe7U9g=","width":6000,"height":4000,"folderId":null,"thumbnail":{"url":"https://assets.nicepagecdn.com/adc01918/6327626/images/thumbnails/pexels-codioful-7130560.jpg","width":150,"height":100},"usages":["6327627"]},{"id":"user-image-images.jpeg","fileName":"images.jpeg","name":"images","publicUrl":"https://assets.nicepagecdn.com/adc01918/6327626/images/images.jpeg","size":2610,"hash":"zqKmL9/stBc4x5f+otIliFJ4uiU=","width":266,"height":190,"folderId":null,"thumbnail":{"url":"https://assets.nicepagecdn.com/adc01918/6327626/images/thumbnails/images.jpeg","width":150,"height":107},"usages":[]},{"id":"user-image-a-3d-animated-image-of-a-digital-truck-platform-th-P9Lpm7ZxRqiBf5_AzN3xLQ-oC9FFTYBSF-UbZml8uISwg-removebg-preview.png","fileName":"a-3d-animated-image-of-a-digital-truck-platform-th-P9Lpm7ZxRqiBf5_AzN3xLQ-oC9FFTYBSF-UbZml8uISwg-removebg-preview.png","name":"a-3d-animated-image-of-a-digital-truck-platform-th-P9Lpm7ZxRqiBf5_AzN3xLQ-oC9FFTYBSF-UbZml8uISwg-removebg-preview","publicUrl":"https://assets.nicepagecdn.com/adc01918/6327626/images/a-3d-animated-image-of-a-digital-truck-platform-th-P9Lpm7ZxRqiBf5_AzN3xLQ-oC9FFTYBSF-UbZml8uISwg-removebg-preview.png","size":190018,"hash":"5A/Fq+UpCVKQl3LXDuopgikdLwE=","width":500,"height":500,"folderId":null,"thumbnail":{"url":"https://assets.nicepagecdn.com/adc01918/6327626/images/thumbnails/a-3d-animated-image-of-a-digital-truck-platform-th-P9Lpm7ZxRqiBf5_AzN3xLQ-oC9FFTYBSF-UbZml8uISwg-removebg-preview.png","width":150,"height":150},"usages":["6327627"]},{"id":"user-image-an-animated-3d-image-of-a-fuel-truck-and-a-digital-YZYyV_arQ4adCAATdS3pJA-R8kPriimS4KNgDz_9LwLSw-removebg-preview.png","fileName":"an-animated-3d-image-of-a-fuel-truck-and-a-digital-YZYyV_arQ4adCAATdS3pJA-R8kPriimS4KNgDz_9LwLSw-removebg-preview.png","name":"an-animated-3d-image-of-a-fuel-truck-and-a-digital-YZYyV_arQ4adCAATdS3pJA-R8kPriimS4KNgDz_9LwLSw-removebg-preview","publicUrl":"https://assets.nicepagecdn.com/adc01918/6327626/images/an-animated-3d-image-of-a-fuel-truck-and-a-digital-YZYyV_arQ4adCAATdS3pJA-R8kPriimS4KNgDz_9LwLSw-removebg-preview.png","size":220338,"hash":"bSek3ZO7pKP4dEHB0jokHhMjhvI=","width":500,"height":500,"folderId":null,"thumbnail":{"url":"https://assets.nicepagecdn.com/adc01918/6327626/images/thumbnails/an-animated-3d-image-of-a-fuel-truck-and-a-digital-YZYyV_arQ4adCAATdS3pJA-R8kPriimS4KNgDz_9LwLSw-removebg-preview.png","width":150,"height":150},"usages":["6327627"]},{"id":"user-image-a-3d-animated-image-of-a-passenger-bus-with-a-book-7m0nLqs8T_uCOdXZDJ7EZQ-Xk9A1I1wQCmxGzxB2-xYtA-removebg-preview.png","fileName":"a-3d-animated-image-of-a-passenger-bus-with-a-book-7m0nLqs8T_uCOdXZDJ7EZQ-Xk9A1I1wQCmxGzxB2-xYtA-removebg-preview.png","name":"a-3d-animated-image-of-a-passenger-bus-with-a-book-7m0nLqs8T_uCOdXZDJ7EZQ-Xk9A1I1wQCmxGzxB2-xYtA-removebg-preview","publicUrl":"https://assets.nicepagecdn.com/adc01918/6327626/images/a-3d-animated-image-of-a-passenger-bus-with-a-book-7m0nLqs8T_uCOdXZDJ7EZQ-Xk9A1I1wQCmxGzxB2-xYtA-removebg-preview.png","size":188387,"hash":"r0pMAwxUJlcbgPUMw7rhVe2iDnI=","width":500,"height":500,"folderId":null,"thumbnail":{"url":"https://assets.nicepagecdn.com/adc01918/6327626/images/thumbnails/a-3d-animated-image-of-a-passenger-bus-with-a-book-7m0nLqs8T_uCOdXZDJ7EZQ-Xk9A1I1wQCmxGzxB2-xYtA-removebg-preview.png","width":150,"height":150},"usages":["6327627"]},{"id":"user-image-a-3d-animated-image-of-a-transportation-app-with-a-HXJ6vSB7R4GPQZVZGIhIKA-6qANTLzIQwe8qltG8tL42w-removebg-preview.png","fileName":"a-3d-animated-image-of-a-transportation-app-with-a-HXJ6vSB7R4GPQZVZGIhIKA-6qANTLzIQwe8qltG8tL42w-removebg-preview.png","name":"a-3d-animated-image-of-a-transportation-app-with-a-HXJ6vSB7R4GPQZVZGIhIKA-6qANTLzIQwe8qltG8tL42w-removebg-preview","publicUrl":"https://assets.nicepagecdn.com/adc01918/6327626/images/a-3d-animated-image-of-a-transportation-app-with-a-HXJ6vSB7R4GPQZVZGIhIKA-6qANTLzIQwe8qltG8tL42w-removebg-preview.png","size":294831,"hash":"WLMxND1y46IyZN7+HwGXkGiG8i0=","width":500,"height":500,"folderId":null,"thumbnail":{"url":"https://assets.nicepagecdn.com/adc01918/6327626/images/thumbnails/a-3d-animated-image-of-a-transportation-app-with-a-HXJ6vSB7R4GPQZVZGIhIKA-6qANTLzIQwe8qltG8tL42w-removebg-preview.png","width":150,"height":150},"usages":["6327627"]},{"id":"user-image-a-3d-animated-image-of-a-truck-accident-the-truck---eTxEcvgRL2TRdFyv7IJgA-Q8NAyoP_Q86yKIZKXM8jhw.jpeg","fileName":"a-3d-animated-image-of-a-truck-accident-the-truck---eTxEcvgRL2TRdFyv7IJgA-Q8NAyoP_Q86yKIZKXM8jhw.jpeg","name":"a-3d-animated-image-of-a-truck-accident-the-truck---eTxEcvgRL2TRdFyv7IJgA-Q8NAyoP_Q86yKIZKXM8jhw","publicUrl":"https://assets.nicepagecdn.com/adc01918/6327626/images/a-3d-animated-image-of-a-truck-accident-the-truck---eTxEcvgRL2TRdFyv7IJgA-Q8NAyoP_Q86yKIZKXM8jhw.jpeg","size":202190,"hash":"4QDMF0kNzkfnUNt4ZVt3OAaxlQA=","width":1024,"height":1024,"folderId":null,"thumbnail":{"url":"https://assets.nicepagecdn.com/adc01918/6327626/images/thumbnails/a-3d-animated-image-of-a-truck-accident-the-truck---eTxEcvgRL2TRdFyv7IJgA-Q8NAyoP_Q86yKIZKXM8jhw.jpeg","width":150,"height":150},"usages":[]},{"id":"user-image-a-3d-render-of-a-truck-with-the-text-load-booking--HuxmHdJmQbWk5tSF613tZQ-BSndIyzTSdCpijFPPv_lVg-removebg-preview.png","fileName":"a-3d-render-of-a-truck-with-the-text-load-booking--HuxmHdJmQbWk5tSF613tZQ-BSndIyzTSdCpijFPPv_lVg-removebg-preview.png","name":"a-3d-render-of-a-truck-with-the-text-load-booking--HuxmHdJmQbWk5tSF613tZQ-BSndIyzTSdCpijFPPv_lVg-removebg-preview","publicUrl":"https://assets.nicepagecdn.com/adc01918/6327626/images/a-3d-render-of-a-truck-with-the-text-load-booking--HuxmHdJmQbWk5tSF613tZQ-BSndIyzTSdCpijFPPv_lVg-removebg-preview.png","size":184535,"hash":"ygqJ4+fzdKyN6naCPgc/DNfxlL4=","width":500,"height":500,"folderId":null,"thumbnail":{"url":"https://assets.nicepagecdn.com/adc01918/6327626/images/thumbnails/a-3d-render-of-a-truck-with-the-text-load-booking--HuxmHdJmQbWk5tSF613tZQ-BSndIyzTSdCpijFPPv_lVg-removebg-preview.png","width":150,"height":150},"usages":["6327627"]},{"id":"user-image-a-3d-render-of-a-live-tracking-mockup-of-a-truck-t-jQWvHtStQ1aXksRar9_Wgg-yOGxOob6S-elonTw1t99qA-removebg-preview.png","fileName":"a-3d-render-of-a-live-tracking-mockup-of-a-truck-t-jQWvHtStQ1aXksRar9_Wgg-yOGxOob6S-elonTw1t99qA-removebg-preview.png","name":"a-3d-render-of-a-live-tracking-mockup-of-a-truck-t-jQWvHtStQ1aXksRar9_Wgg-yOGxOob6S-elonTw1t99qA-removebg-preview","publicUrl":"https://assets.nicepagecdn.com/adc01918/6327626/images/a-3d-render-of-a-live-tracking-mockup-of-a-truck-t-jQWvHtStQ1aXksRar9_Wgg-yOGxOob6S-elonTw1t99qA-removebg-preview.png","size":343901,"hash":"S6JnsmIgeaDOHElPz6IG9lypGaQ=","width":500,"height":500,"folderId":null,"thumbnail":{"url":"https://assets.nicepagecdn.com/adc01918/6327626/images/thumbnails/a-3d-render-of-a-live-tracking-mockup-of-a-truck-t-jQWvHtStQ1aXksRar9_Wgg-yOGxOob6S-elonTw1t99qA-removebg-preview.png","width":150,"height":150},"usages":["6327627"]}]