[{"id":6327627,"title":"Page 7","order":null,"templateKey":null,"customTemplate":false,"customTemplateFilename":null,"pageLinks":[],"dateCreated":"2024-08-25T13:04:53.6","dateUpdated":"2024-08-26T04:49:32.062Z","folderId":null,"pageName":"Page 7_6327627","sectionCount":1,"status":2},{"id":42298501,"title":"Blog Template","order":1,"templateKey":"blog","customTemplate":false,"customTemplateFilename":null,"pageLinks":[],"dateCreated":"2024-08-25T13:04:59.330Z","dateUpdated":"2024-08-25T13:04:59.747Z","folderId":null,"pageName":"Blog Template","sectionCount":1,"status":2},{"id":39406587,"title":"Post Template","order":2,"templateKey":"post","customTemplate":false,"customTemplateFilename":null,"pageLinks":[],"dateCreated":"2024-08-25T13:04:59.406Z","dateUpdated":"2024-08-25T13:04:59.750Z","folderId":null,"pageName":"Post Template","sectionCount":1,"status":2},{"id":577914545,"title":"Product List Template","order":3,"templateKey":"products","customTemplate":false,"customTemplateFilename":null,"pageLinks":[],"dateCreated":"2024-08-25T13:04:59.476Z","dateUpdated":"2024-08-25T13:04:59.750Z","folderId":null,"pageName":"Product List Template","sectionCount":1,"status":2},{"id":244378095,"title":"Product Details Template","order":4,"templateKey":"product","customTemplate":false,"customTemplateFilename":null,"pageLinks":[],"dateCreated":"2024-08-25T13:04:59.536Z","dateUpdated":"2024-08-25T13:04:59.750Z","folderId":null,"pageName":"Product Details Template","sectionCount":1,"status":2},{"id":72812582,"title":"Shopping Cart Template","order":5,"templateKey":"cart","customTemplate":false,"customTemplateFilename":null,"pageLinks":[],"dateCreated":"2024-08-25T13:04:59.586Z","dateUpdated":"2024-08-25T13:04:59.750Z","folderId":null,"pageName":"Shopping Cart Template","sectionCount":1,"status":2},{"id":77285199,"title":"Login Template","order":7,"templateKey":"login","customTemplate":false,"customTemplateFilename":null,"pageLinks":[],"dateCreated":"2024-08-25T13:04:59.645Z","dateUpdated":"2024-08-25T13:04:59.750Z","folderId":null,"pageName":"Login Template","sectionCount":1,"status":2},{"id":32122075,"title":"Password Template","order":8,"templateKey":"password","customTemplate":false,"customTemplateFilename":null,"pageLinks":[],"dateCreated":"2024-08-25T13:04:59.672Z","dateUpdated":"2024-08-25T13:04:59.750Z","folderId":null,"pageName":"Password Template","sectionCount":1,"status":2},{"id":50081132,"title":"404 Not Found Template","order":9,"templateKey":"404","customTemplate":false,"customTemplateFilename":null,"pageLinks":[],"dateCreated":"2024-08-25T13:04:59.701Z","dateUpdated":"2024-08-25T13:04:59.750Z","folderId":null,"pageName":"404 Not Found Template","sectionCount":1,"status":2},{"id":48324125,"title":"Thank You Template","order":10,"templateKey":"ThankYou","customTemplate":false,"customTemplateFilename":null,"pageLinks":[],"dateCreated":"2024-08-25T13:04:59.724Z","dateUpdated":"2024-08-25T13:04:59.751Z","folderId":null,"pageName":"Thank You Template","sectionCount":1,"status":2}]